蔔,卜
刄,刃
匃,丐
匄,丐
讎,仇
讐,仇
弔,吊
鬥,斗
鬦,斗
鬬,斗
戹,厄
覍,弁
敂,叩
夘,卯
嬭,奶
妳,奶
冄,冉
丗,世
卋,世
僊,仙
帀,匝
隻,只
雙,只
並,并
併,并
竝,并
倣,仿
喫,吃
朶,朵
亙,亘
珪,圭
沍,冱
迴,回
囬,回
姦,奸
麯,曲
麴,曲
収,收
佀,似
嶴,岙
貝,贝
壯,壮
倣,彷
玅,妙
車,车
牀,床
邨,村
呝,呃
槓,杠
銾,汞
夾,夹
見,见
癤,疖
刼,劫
摃,扛
殻,壳
剋,克
尅,克
況,况
恡,吝
妳,你
羗,羌
吢,吣
唚,吣
裘,求
姙,妊
刪,删
卲,劭
肳,吻
杇,圬
釫,圬
汙,污
汚,污
嚇,吓
峴,岘
廵,巡
唫,吟
歟,欤
璵,玙
皁,皂
巵,卮
阯,址
佇,伫
竚,伫
妝,妆
粧,妆
姉,姊
桮,杯
盃,杯
咊,和
稈,秆
岡,冈
洶,汹
長,长
撦,扯
沖,冲
東,东
妬,妒
刴,剁
搤,扼
兒,儿
礬,矾
雰,氛
坿,附
斻,杭
嘑,呼
虖,呼
謼,呼
昬,昏
曛,昏
戔,戋
凈,净
糾,纠
糺,纠
肎,肯
堃,坤
來,来
兩,两
侖,仑
崘,仑
崙,仑
犛,牦
氂,牦
門,门
瘧,疟
珮,佩
虯,虬
參,叁
姍,姗
捨,舍
鬆,松
慫,怂
兎,兔
臥,卧
絃,弦
協,协
俽,欣
亞,亚
餚,肴
亱,夜
詠,咏
蚏,刖
軋,轧
爭,争
姪,侄
妷,侄
袟,帙
袠,帙
呪,咒
狀,状
栢,柏
紅,红
釓,钆
疘,肛
軍,军
儁,俊
怱,匆
悤,匆
飛,飞
敘,叙
敍,叙
哶,咩
俥,伡
萅,春
芚,春
訂,订
垜,垛
惡,垩
灋,法
風,风
鳬,凫
訃,讣
負,负
紇,纥
枴,拐
軌,轨
匮,柜
櫃,柜
矦,侯
佪,徊
奐,奂
噦,哕
級,级
計,计
紀,纪
勁,劲
剄,刭
烱,炯
韮,韭
涙,泪
釐,厘
憐,怜
桺,柳
栁,柳
冐,冒
蝱,虻
暱,昵
皰,疱
潑,泼
秌,秋
穐,秋
嬈,娆
紉,纫
厙,厍
柹,柿
帥,帅
閂,闩
髰,剃
鬀,剃
拕,拖
沲,沱
紈,纨
韋,韦
罋,瓮
甕,瓮
俠,侠
秈,籼
洩,泄
澩,泶
埡,垭
姸,妍
齩,咬
頁,页
嶪,页
吚,咿
釔,钇
艤,舣
婣,姻
暎,映
肬,疣
紆,纡
約,约
災,灾
烖,灾
菑,灾
則,则
煠,炸
炤,昭
貞,贞
紂,纣
秄,耔
鵪,鹌
唄,呗
粃,秕
財,财
倸,睬
倉,仓
盇,盍
恆,恒
慟,恸
紺,绀
剛,刚
玨,珏
純,纯
紡,纺
卹,恤
賉,恤
瞑,眠
剗,刬
倀,伥
乗,乘
恥,耻
翄,翅
芻,刍
島,岛
釘,钉
凍,冻
躉,趸
峩,峨
琺,珐
紛,纷
峯,峰
頫,俯
個,个
箇,个
畊,耕
躳,躬
貢,贡
剮,剐
掛,挂
恠,怪
堝,埚
圅,函
訌,讧
蘤,花
怳,恍
記,记
浹,浃
訐,讦
晉,晋
弳,弪
徑,径
逕,径
勌,倦
愙,恪
庫,库
磖,砬
軔,轫
袵,衽
筍,笋
倆,俩
釕,钌
畱,留
倫,伦
馬,马
們,们
畝,亩
畮,亩
納,纳
孃,娘
紐,纽
衂,衄
釙,钋
淒,凄
棲,栖
豈,岂
氣,气
訖,讫
竊,窃
訒,讱
灑,洒
殺,杀
紗,纱
曬,晒
閃,闪
訕,讪
搧,扇
師,师
時,时
書,书
紓,纾
孫,孙
償,倘
討,讨
屜,屉
屟,屉
甛,甜
條,条
砤,砣
紋,纹
撾,挝
烏,乌
蓆,席
峽,峡
俲,效
脅,胁
脇,胁
紲,绁
絏,绁
軒,轩
訓,训
訊,讯
椏,桠
氬,氩
臙,胭
讌,宴
醼,宴
癰,痈
紜,纭
員,员
唕,唣
釗,钊
針,针
鍼,针
珎,珍
碪,砧
癥,症
祇,祗
秖,祗
紙,纸
帋,纸
塚,冢
塚,冢
棹,桌
濁,浊
閆,闫
敗,败
絆,绊
狽,狈
偪,逼
畐,逼
畢,毕
閉,闭
貶,贬
參,参
側,侧
茌,茬
釵,钗
糶,粜
烴,烃
婾,偷
崗,岗
訣,诀
脣,唇
従,从
販,贩
訪,访
訩,讻
哅,讻
詾,讻
許,许
濬,浚
覓,觅
覔,觅
産,产
趂,趁
勅,敕
處,处
処,处
絀,绌
舩,船
釧,钏
麤,粗
甆,瓷
紿,绐
帶,带
耼,聃
膽,胆
啗,啖
噉,啖
嚪,啖
釣,钓
頂,顶
動,动
兠,兜
柁,舵
訛,讹
譌,讹
軛,轭
軶,轭
釩,钒
麩,麸
紱,绂
紼,绋
婦,妇
媍,妇
規,规
槼,规
匭,匦
國,国
猂,悍
扞,捍
銲,焊
釬,焊
篲,彗
貨,货
戞,戛
蛺,蛱
叚,徦
叚,假
堅,坚
梘,枧
將,将
稭,秸
涇,泾
捄,救
獧,狷
睠,眷
齦,啃
綑,捆
崍,崃
徠,徕
惏,婪
棃,梨
軟,软
輭,软
挱,挲
貪,贪
樑,梁
婁,娄
滷,卤
鹵,卤
畧,略
圇,囵
麥,麦
楳,梅
槑,梅
瞇,眯
訥,讷
鳥,鸟
揑,捏
篞,涅
釹,钕
肧,胚
貧,贫
啓,启
啟,启
唘,启
棄,弃
釺,钎
牽,牵
氫,氢
頃,顷
區,区
愨,悫
慤,悫
澀,涩
濇,涩
澁,涩
嗇,啬
釤,钐
紹,绍
虵,蛇
設,设
紳,绅
術,术
庻,庶
訟,讼
襢,袒
釷,钍
媧,娲
襪,袜
韈,袜
韤,袜
輓,挽
朢,望
偉,伟
問,问
摀,捂
務,务
習,习
覡,觋
細,细
狹,狭
陿,狭
梟,枭
挾,挟
勗,勖
鏇,旋
崕,崖
厓,崖
啞,哑
訝,讶
婭,娅
厴,厣
癢,痒
異,异
塋,茔
湧,涌
怺,恿
惥,恿
魚,鱼
慾,欲
責,责
紥,扎
紮,扎
斬,斩
張,张
帳,帐
偵,侦
遉,侦
梔,栀
執,执
終,终
晝,昼
苧,苎
專,专
耑,专
眥,眦
傯,偬
組,组
鈀,钯
鈑,钣
綁,绑
報,报
備,备
賁,贲
筆,笔
詖,诐
鈽,钸
鈈,钚
採,采
殘,残
傖,伧
艸,草
廁,厕
厠,厕
筞,策
訶,诃
賀,贺
貼,贴
統,统
筩,筒
覘,觇
鈣,钙
尷,尴
尲,尴
絶,绝
鈞,钧
湻,淳
詞,词
飯,饭
鈁,钫
莕,荇
胷,胸
須,须
鬚,须
開,开
凱,凯
剴,剀
黽,黾
閔,闵
場,场
塲,场
悵,怅
鈔,钞
硨,砗
捵,抻
棖,枨
堘,塍
圌,篅
窓,窗
窻,窗
牎,窗
創,创
搥,捶
箠,棰
貸,贷
單,单
隄,堤
覿,觌
詆,诋
啑,喋
棟,栋
鈄,钭
鈍,钝
惡,恶
貳,贰
發,发
栰,筏
費,费
糞,粪
馮,冯
粰,稃
復,复
皐,皋
臯,皋
髂,胳
給,给
鈎,钩
鉤,钩
軲,轱
詁,诂
僱,雇
貫,贯
貴,贵
槨,椁
頇,顸
絎,绗
閎,闳
壺,壶
畫,画
蜖,蛔
蛕,蛔
痐,蛔
僡,惠
叀,惠
鈥,钬
極,极
夾,袷
裌,袷
閒,间
漸,渐
絳,绛
絞,绞
傑,杰
結,结
藎,荩
宑,阱
痙,痉
廄,厩
廏,厩
詎,讵
閌,闶
鈧,钪
軻,轲
貺,贶
淶,涞
嵐,岚
瑯,琅
勞,劳
犂,犁
韌,韧
靭,韧
絨,绒
毧,绒
鈦,钛
瑠,琉
璢,琉
虜,虏
掄,抡
淪,沦
犖,荦
買,买
蕒,荬
貿,贸
捫,扪
悶,闷
鈉,钠
堖,垴
鈕,钮
儺,傩
評,评
鈐,钤
淺,浅
蒨,茜
強,强
羥,羟
喬,乔
欽,钦
琹,琴
詘,诎
閏,闰
傘,伞
繖,伞
喪,丧
掃,扫
埽,扫
篩,筛
腎,肾
視,视
眡,视
眎,视
疎,疏
順,顺
絲,丝
訴,诉
愬,诉
飱,飧
嗁,啼
飩,饨
為,为
爲,为
圍,围
幃,帏
餧,喂
餵,喂
濄,涡
渦,涡
窩,窝
無,无
晳,晰
硤,硖
閑,闲
箲,筅
現,现
項,项
壻,婿
絢,绚
尋,寻
硯,砚
堯,尧
軺,轺
詒,诒
貽,贻
軼,轶
陻,堙
滛,淫
喲,哟
鑰,钥
雲,云
馭,驭
飫,饫
淵,渊
黿,鼋
喒,咱
偺,咱
鑿,凿
棗,枣
詐,诈
棧,栈
詔,诏
櫂,棹
喆,哲
蟄,蛰
診,诊
軫,轸
証,证
縶,絷
蹠,跖
衆,众
軸,轴
貯,贮
椶,棕
詛,诅
愛,爱
粺,稗
頒,颁
嗶,哔
鉍,铋
颮,飑
鉢,钵
鈸,钹
補,补
跴,踩
惻,恻
測,测
挿,插
詫,诧
號,号
該,该
賅,赅
槩,概
惷,蠢
綉,绣
繍,绣
詡,诩
塏,垲
馳,驰
飭,饬
詶,酬
酧,酬
醻,酬
傳,传
當,当
碭,砀
電,电
鈿,钿
矴,碇
椗,碇
頓,顿
躱,躲
憜,惰
跥,跺
煩,烦
渢,沨
楓,枫
觵,觥
詬,诟
鈷,钴
詿,诖
詭,诡
頏,颃
噑,嗥
獆,嗥
軤,轷
話,话
諙,话
詼,诙
揮,挥
暉,晖
匯,汇
滙,汇
會,会
賄,贿
渾,浑
跡,迹
蹟,迹
莢,荚
賈,贾
鉀,钾
揀,拣
筧,笕
鹹,碱
醬,酱
勦,剿
較,较
詰,诘
僅,仅
廑,仅
經,经
莖,茎
粇,粳
秔,粳
稉,粳
脛,胫
踁,胫
逈,迥
鳩,鸠
揫,揪
櫸,榉
鋸,钜
絹,绢
鈳,钶
窛,筘
塊,块
誆,诓
髨,髡
髠,髡
睞,睐
靁,雷
誄,诔
儽,傫
飪,饪
餁,饪
嗩,唢
鉈,铊
墖,塔
裏,里
裡,里
涖,莅
蒞,莅
亷,廉
煉,炼
鍊,炼
賃,赁
鈴,铃
僂,偻
賂,赂
輅,辂
亂,乱
媽,妈
嗎,吗
鉚,铆
鉬,钼
廼,乃
迺,乃
枏,楠
柟,楠
鈮,铌
裊,袅
嫋,袅
農,农
辳,农
煖,暖
餪,暖
煗,暖
鉋,刨
鑤,刨
鈹,铍
勡,剽
缾,瓶
鉕,钷
頎,颀
璂,琪
僉,佥
鉛,铅
鈆,铅
鉗,钳
嗆,呛
檣,樯
艢,樯
愜,惬
傾,倾
詮,诠
輇,辁
帬,裙
羣,群
僿,塞
傷,伤
蕱,筲
詵,诜
聖,圣
詩,诗
獅,狮
勢,势
試,试
軾,轼
竪,竖
豎,竖
崧,嵩
頌,颂
肅,肃
綏,绥
歲,岁
嵗,岁
歳,岁
鉭,钽
湯,汤
綈,绨
馱,驮
頑,顽
煒,炜
蝟,猬
萵,莴
蝸,蜗
嗚,呜
熈,熙
薟,莶
蜆,蚬
莧,苋
詳,详
綃,绡
鉉,铉
楥,楦
鞾,靴
勛,勋
勲,勋
塤,埙
壎,埙
馴,驯
詢,询
煙,烟
揚,扬
敭,扬
暘,旸
楊,杨
煬,炀
爺,爷
業,业
飴,饴
義,义
詣,诣
飲,饮
飮,饮
傭,佣
猶,犹
蕕,莸
鈾,铀
銪,铕
傴,伛
鉞,钺
惲,恽
暈,晕
鈺,钰
預,预
瘉,愈
癒,愈
園,园
圓,圆
載,载
賊,贼
摣,揸
樝,楂
閘,闸
債,债
盞,盏
醆,盏
琖,盏
炤,照
湞,浈
楨,桢
鉦,钲
輊,轾
滯,滞
穉,稚
稺,稚
誅,诛
煑,煮
莊,庄
裝,装
貲,赀
資,资
辠,罪
銨,铵
骯,肮
飽,饱
綳,绷
繃,绷
幣,币
賓,宾
駁,驳
滄,沧
詧,察
闔,阂
銚,铫
銅,铜
圖,图
趕,赶
綱,纲
皸,皲
綽,绰
緋,绯
頊,顼
愷,恺
綿,绵
緜,绵
滅,灭
閩,闽
鳴,鸣
萇,苌
嘗,尝
嚐,尝
瑒,玚
暢,畅
塵,尘
稱,称
誠,诚
鋮,铖
竾,篪
箎,篪
銃,铳
綢,绸
矁,瞅
愴,怆
獃,呆
誕,诞
搗,捣
擣,捣
櫈,凳
滌,涤
遞,递
墊,垫
銱,铞
銩,铥
腖,胨
覩,睹
對,对
奪,夺
爾,尔
鉺,铒
罰,罚
罸,罚
閥,阀
僨,偾
瘋,疯
碸,砜
鳳,凤
輔,辅
槀,槁
誥,诰
謌,歌
閣,阁
鉻,铬
溝,沟
構,构
苽,菰
皷,鼓
閨,闺
幗,帼
鉿,铪
華,华
琿,珲
誨,诲
夥,伙
禍,祸
旤,祸
郟,郏
監,监
箋,笺
椾,笺
牋,笺
戩,戬
奨,奖
奬,奖
獎,奖
僥,侥
儌,侥
餃,饺
鉸,铰
巀,截
誡,诫
緊,紧
儘,尽
榘,矩
愾,忾
銬,铐
褃,裉
匱,匮
壼,壸
辢,辣
萊,莱
濫,滥
銠,铑
榮,荣
鎔,熔
銣,铷
損,损
態,态
奩,奁
匳,奁
匲,奁
連,连
綾,绫
蓤,菱
領,领
綹,绺
嘍,喽
嶁,嵝
閭,闾
緑,绿
綸,纶
躶,裸
臝,裸
獁,犸
榪,杩
嘜,唛
麽,么
銘,铭
幙,幕
寍,宁
寧,宁
甯,宁
嘔,呕
裵,裴
裶,裴
羆,罴
闝,嫖
頗,颇
僕,仆
榿,桤
齊,齐
綥,綦
綺,绮
塹,堑
戧,戗
槍,枪
鎗,枪
搶,抢
熗,炝
僑,侨
誚,诮
寢,寝
輕,轻
賕,赇
巰,巯
嶇,岖
銓,铨
綣,绻
認,认
叡,睿
蒻,箬
颯,飒
銫,铯
傓,煽
緔,绱
鞝,绱
賒,赊
實,实
飾,饰
壽,寿
綬,绶
説,说
碩,硕
飼,饲
誦,诵
泝,溯
遡,溯
猻,狲
嘆,叹
歎,叹
逷,逖
團,团
籜,箨
綰,绾
網,网
維,维
偽,伪
僞,伪
瑋,玮
聞,闻
誣,诬
誤,误
誒,诶
嵠,溪
銑,铣
銜,衔
啣,衔
綫,线
簫,箫
攜,携
擕,携
鞵,鞋
厭,厌
釅,酽
瘍,疡
鋣,铘
禕,祎
銥,铱
銦,铟
銀,银
滎,荥
熒,荧
螢,萤
踴,踊
誘,诱
與,与
猨,猿
蝯,猿
殞,殒
語,语
嫗,妪
鳶,鸢
寃,冤
嘖,啧
幘,帻
嶄,崭
嶃,崭
綻,绽
脹,胀
趙,赵
肈,肇
這,这
禎,祯
賑,赈
拓,摭
種,种
銖,铢
墜,坠
綴,缀
凖,准
緇,缁
綜,综
糉,粽
葅,菹
錒,锕
皚,皑
罷,罢
鴇,鸨
緥,褓
鋇,钡
輩,辈
編,编
緶,缏
標,标
餅,饼
慚,惭
慘,惨
層,层
頜,颌
鋌,铤
摻,掺
賦,赋
醕,醇
輟,辍
賜,赐
樅,枞
範,范
魴,鲂
誹,诽
廢,废
銹,锈
鏽,锈
緬,缅
靣,面
緲,缈
廟,庙
緡,缗
嬋,婵
滻,浐
諂,谄
腸,肠
廠,厂
厰,厂
徹,彻
齒,齿
廚,厨
鋤,锄
鉏,锄
瘡,疮
銼,锉
彈,弹
惪,德
敵,敌
締,缔
蔕,蒂
調,调
蜨,蝶
蕫,董
阧,陡
緞,缎
墪,墩
墮,堕
隓,堕
鋨,锇
齶,腭
餌,饵
墳,坟
鋒,锋
膚,肤
襆,幞
駙,驸
稾,稿
鋯,锆
賡,赓
鞏,巩
緱,缑
廣,广
嬀,妫
媯,妫
潙,妫
瓌,瑰
劊,刽
劌,刿
摑,掴
葒,荭
餱,糇
滸,浒
滬,沪
嘩,哗
譁,哗
緩,缓
輝,辉
煇,辉
嘰,叽
緝,缉
賫,赍
擠,挤
鋏,铗
價,价
駕,驾
儉,俭
劍,剑
劒,剑
賤,贱
踐,践
漿,浆
殭,僵
槳,桨
嬌,娇
膠,胶
嶠,峤
節,节
頡,颉
進,进
靚,靓
鬮,阄
駒,驹
鋦,锔
劇,剧
忼,慷
頦,颏
課,课
緙,缂
錁,锞
摳,抠
咵,侉
儈,侩
寬,宽
欵,款
誑,诳
誆,诳
閫,阃
賚,赉
鋃,锒
閬,阆
嘮,唠
嶗,崂
樂,乐
鋭,锐
瑣,琐
駘,骀
談,谈
鋰,锂
厲,厉
漣,涟
練,练
諒,谅
輛,辆
劉,刘
癅,瘤
鋶,锍
樓,楼
摟,搂
魯,鲁
剹,戮
慮,虑
鋝,锊
輪,轮
論,论
腡,脶
瑪,玛
碼,码
禡,祃
勱,劢
賣,卖
滿,满
貓,猫
皃,貌
鬽,魅
腦,脑
匘,脑
鬧,闹
閙,闹
餒,馁
餧,馁
輦,辇
儂,侬
駑,驽
甌,欧
毆,殴
慪,怄
漚,沤
盤,盘
賠,赔
噴,喷
鋪,铺
舖,铺
憇,憩
愒,憩
慳,悭
槧,椠
嶔,嵚
鋟,锓
請,请
慶,庆
窮,穷
煢,茕
確,确
塙,确
碻,确
髥,髯
熱,热
顋,腮
毿,毵
儍,傻
陝,陕
殤,殇
賞,赏
審,审
諗,谂
滲,渗
勝,胜
蝕,蚀
駛,驶
樞,枢
數,数
潄,漱
誰,谁
噝,咝
緦,缌
駟,驷
誶,谇
賧,赕
鋱,铽
銻,锑
緹,缇
摶,抟
駝,驼
萬,万
輞,辋
緯,纬
葦,苇
諉,诿
衛,卫
衞,卫
嫵,妩
娬,妩
廡,庑
譆,嘻
蝦,虾
賢,贤
嫻,娴
嫺,娴
線,缐
緗,缃
餉,饷
餉,饷
饟,饷
嘵,哓
銷,销
蠍,蝎
冩,写
鋅,锌
陘,陉
緒,绪
萲,萱
蕿,萱
蘐,萱
鴉,鸦
養,养
様,样
葉,叶
靨,靥
儀,仪
頤,颐
億,亿
誼,谊
瑩,莹
穎,颍
憂,忧
郵,邮
魷,鱿
諛,谀
漁,渔
閲,阅
緼,缊
緣,缘
暫,暂
駔,驵
奘,葬
喿,噪
鋥,锃
麞,獐
漲,涨
賬,账
摺,折
輒,辄
輙,辄
陣,阵
鴆,鸩
諍,诤
幟,帜
質,质
觶,觯
腫,肿
葤,荮
皺,皱
囑,嘱
駐,驻
築,筑
筯,箸
縋,缒
諄,谆
諑,诼
輜,辎
漬,渍
蹤,踪
諏,诹
婳,嫿
噯,嗳
嬡,嫒
諳,谙
鮁,鲅
辦,办
鮑,鲍
憊,惫
錛,锛
蓽,荜
篳,筚
儐,傧
擯,傧
撥,拨
餑,饽
鮊,鲌
飱,餐
湌,餐
蒼,苍
艙,舱
儕,侪
頭,头
鮒,鲋
蓋,盖
鋼,钢
橜,橛
麕,麇
蒓,莼
蓴,莼
餈,糍
輳,辏
憫,悯
閶,阊
陳,陈
諶,谌
磣,碜
硶,碜
橕,撑
澂,澄
鴟,鸱
熾,炽
儔,俦
錘,锤
鎚,锤
鹺,鹾
齹,鹾
錯,错
達,达
殫,殚
撣,掸
憚,惮
導,导
鍀,锝
燈,灯
諦,谛
鵰,雕
諜,谍
錠,锭
篤,笃
賭,赌
憞,憝
噸,吨
燉,炖
遯,遁
餓,饿
諤,谔
咢,谔
閼,阏
蕚,萼
奮,奋
憤,愤
諷,讽
輻,辐
餻,糕
肐,骼
鴣,鸪
轂,毂
錮,锢
慣,惯
摜,掼
龜,龟
輥,辊
過,过
駭,骇
頷,颔
黌,黉
鱟,鲎
樺,桦
諱,讳
葷,荤
閽,阍
餛,馄
餫,馄
鍃,锪
機,机
輯,辑
劑,剂
頰,颊
縑,缣
澗,涧
諫,谏
澆,浇
撟,挢
潔,洁
絜,洁
錦,锦
縉,缙
頸,颈
舉,举
擧,举
鋸,锯
窶,窭
錈,锩
墾,垦
瞘,眍
褲,裤
噲,哙
窺,窥
闚,窥
憒,愦
潰,溃
錕,锟
錸,铼
賴,赖
頼,赖
襤,褴
蜋,螂
撈,捞
澇,涝
礧,擂
縭,缡
琍,璃
瓈,璃
縟,缛
簑,蓑
鮐,鲐
壇,坛
曇,昙
錟,锬
歷,历
歴,历
璉,琏
龍,龙
瘻,瘘
瘺,瘘
盧,卢
陸,陆
録,录
駱,骆
螞,蚂
駡,骂
罵,骂
傌,骂
瞞,瞒
蟎,螨
鍆,钔
燜,焖
錳,锰
夢,梦
嘿,默
謀,谋
撓,挠
鮎,鲇
鯰,鲇
聹,凝
噥,哝
諾,诺
甌,瓯
錇,锫
駢,骈
諞,谝
頻,频
凴,凭
憑,凭
鮃,鲆
撲,扑
磧,碛
錢,钱
潛,潜
錆,锖
橋,桥
顦,憔
癄,憔
親,亲
撳,揿
搇,揿
趨,趋
鴝,鸲
鸜,鸲
橈,桡
潤,润
穡,穑
澘,潸
饍,膳
燒,烧
輸,输
樹,树
螄,蛳
穌,稣
蓀,荪
鎕,糖
燙,烫
縧,绦
縚,绦
絛,绦
蹏,蹄
頹,颓
穨,颓
鴕,鸵
溈,沩
潙,沩
違,违
潿,涠
謂,谓
閿,阌
闅,阌
廡,怃
錫,锡
熺,熹
鬩,阋
鍁,锨
縣,县
寰,宪
暁,晓
嘨,啸
諧,谐
興,兴
諼,谖
璿,璇
壆,学
斈,学
謔,谑
潯,浔
鴨,鸭
閹,阉
閻,阎
閆,阎
諺,谚
燄,焰
鴦,鸯
窯,窑
窰,窑
曄,晔
燁,烨
爗,烨
謁,谒
嶧,峄
縊,缢
陰,阴
隂,阴
縈,萦
鎣,蓥
穎,颖
頴,颖
覦,觎
澐,沄
運,运
鄆,郓
醖,酝
諭,谕
閾,阈
鴛,鸳
戰,战
縝,缜
錚,铮
縐,绉
諸,诸
磚,砖
甎,砖
塼,砖
錐,锥
贅,赘
諮,谘
錙,锱
頾,髭
罇,樽
鎄,锿
曖,暧
幫,帮
謗,谤
蹕,跸
燦,灿
撡,操
餷,馇
鍤,锸
縛,缚
蓯,苁
蔥,葱
聰,聪
鵂,鸺
駿,骏
鍇,锴
謐,谧
禪,禅
鼂,鼌
齔,龀
檉,柽
瞪,瞠
騁,骋
幬,帱
醜,丑
黱,黛
擔,担
癉,瘅
擋,挡
攩,挡
檔,档
點,点
獨,独
鍍,镀
鍛,锻
隊,队
鍔,锷
鴯,鸸
鮞,鲕
縫,缝
鴿,鸽
購,购
鴰,鸹
館,馆
舘,馆
鮭,鲑
鍋,锅
蟈,蝈
韓,韩
鴻,鸿
鍰,锾
澣,浣
澮,浍
檜,桧
燴,烩
諢,诨
撃,击
璣,玑
磯,矶
績,绩
嚌,哜
覬,觊
艱,艰
韉,鞯
撿,捡
撿,检
餞,饯
鍵,键
講,讲
蔣,蒋
鮫,鲛
矯,矫
階,阶
堦,阶
鮚,鲒
璡,琎
據,据
颶,飓
穅,糠
粇,糠
顆,颗
懇,恳
獪,狯
壙,圹
虧,亏
闊,阔
濶,阔
欄,栏
闌,阑
癆,痨
縲,缧
纝,缧
嶸,嵘
縮,缩
勵,励
隸,隶
隷,隶
蓮,莲
聯,联
褳,裢
斂,敛
歛,敛
殮,殓
鏈,链
魎,魉
療,疗
臨,临
燐,磷
粦,磷
嶺,岭
蔞,蒌
耬,耧
螻,蝼
簍,篓
縷,缕
蠃,螺
縵,缦
鎇,镅
鎂,镁
彌,弥
謎,谜
蘪,糜
繆,缪
蔦,茑
嚀,咛
濃,浓
縹,缥
嬪,嫔
謙,谦
蹌,跄
磽,硗
墝,硗
鍬,锹
鍥,锲
闃,阒
閴,阒
賽,赛
糝,糁
糂,糁
繅,缫
繰,缫
聲,声
謚,谥
諡,谥
鍶,锶
聳,耸
鎪,锼
謖,谡
雖,虽
餳,饧
謄,誊
臋,臀
闈,闱
鮪,鲔
鄔,邬
戲,戏
惪,戏
轄,辖
鎋,辖
舝,辖
鮮,鲜
癇,痫
獫,猃
玁,猃
餡,馅
鄉,乡
薌,芗
鮝,鲞
褻,亵
謝,谢
爕,燮
鱘,鲟
鱏,鲟
遜,逊
壓,压
簷,檐
陽,阳
謡,谣
憶,忆
懌,怿
蔭,荫
應,应
嬰,婴
營,营
擁,拥
優,优
輿,舆
嶼,屿
轅,辕
遠,远
嶽,岳
鄖,郧
獄,狱
擇,择
澤,泽
簀,箦
鍘,铡
斎,斋
亝,斋
氊,毡
氈,毡
輾,辗
鍺,锗
櫛,栉
鷙,鸷
鐘,钟
謅,诌
燭,烛
矚,瞩
賺,赚
樁,桩
總,总
縂,总
縱,纵
鄒,邹
礙,碍
璦,瑷
襖,袄
鎊,镑
斃,毙
飈,飚
濱,滨
檳,槟
擯,摈
殯,殡
襏,袯
鵓,鹁
餺,馎
闔,阖
賻,赙
叢,丛
樷,丛
鎧,铠
蟬,蝉
蕆,蒇
闖,闯
癡,痴
遲,迟
蟲,虫
雛,雏
鶵,雏
礎,础
儲,储
竄,窜
簞,箪
蕩,荡
燾,焘
斷,断
懟,怼
鵝,鹅
鵞,鹅
額,额
頟,额
顎,颚
邇,迩
飜,翻
繙,翻
豐,丰
鎬,镐
擱,搁
鎘,镉
鯁,鲠
骾,鲠
覯,觏
鵠,鹄
歸,归
鯀,鲧
鮌,鲧
環,环
鯇,鲩
鯶,鲩
穢,秽
薉,秽
繢,缋
獲,获
蟣,虮
濟,济
鯽,鲫
鎵,镓
鰹,鲣
瞼,睑
襇,裥
簡,简
檻,槛
糡,糨
漿,糨
謹,谨
燼,烬
覲,觐
舊,旧
屨,屦
鵑,鹃
騍,骒
蕢,蒉
簣,篑
聵,聩
攔,拦
耮,耢
壘,垒
鎔,镕
蕋,蕊
鎖,锁
鎻,锁
鏁,锁
擡,抬
禮,礼
鯉,鲤
糧,粮
繚,缭
鎦,镏
嚕,噜
轆,辘
謾,谩
謬,谬
謨,谟
饃,馍
饝,馍
鎿,镎
蟯,蛲
儗,拟
懝,拟
膩,腻
聶,聂
噛,啮
嚙,啮
鎳,镍
擰,拧
獰,狞
檸,柠
濘,泞
槈,耨
鎒,耨
謳,讴
蹣,蹒
騏,骐
騎,骑
蕁,荨
蕎,荞
竅,窍
翹,翘
檾,苘
軀,躯
覷,觑
覻,觑
覷,觑
闋,阕
闕,阙
蕘,荛
繞,绕
遶,绕
鎩,铩
鯊,鲨
繕,缮
觴,觞
嬸,婶
濕,湿
溼,湿
適,适
雙,双
颼,飕
濤,涛
檮,梼
鵜,鹈
題,题
闐,阗
濰,潍
韙,韪
蕪,芜
餼,饩
顔,颜
醫,医
毉,医
彜,彝
鎰,镒
蠅,蝇
隕,陨
韞,韫
雜,杂
襍,杂
鵒,鹆
魊,蜮
簮,簪
賾,赜
繒,缯
謫,谪
讁,谪
鎮,镇
織,织
職,职
贄,贽
擲,掷
躓,踬
顓,颛
轉,转
騅,骓
鬉,鬃
擺,摆
鵯,鹎
鏰,镚
鏢,镖
癟,瘪
譎,谲
蹷,蹶
鶉,鹑
髊,骴
辭,辞
辤,辞
鯡,鲱
饈,馐
鶓,鹋
鏟,铲
鯧,鲳
謿,嘲
蟶,蛏
懲,惩
寵,宠
疇,畴
蹵,蹴
噠,哒
襠,裆
禱,祷
鄧,邓
鏑,镝
顛,颠
鯛,鲷
鶇,鸫
瀆,渎
櫝,椟
牘,牍
犢,犊
韝,鞲
鯝,鲴
關,关
関,关
獷,犷
壞,坏
繯,缳
謊,谎
繪,绘
薈,荟
譏,讥
韲,齑
際,际
薊,蓟
濺,溅
繮,缰
韁,缰
畺,疆
繳,缴
轎,轿
饉,馑
鯨,鲸
競,竞
鏡,镜
鏗,铿
絝,绔
膾,脍
鱠,脍
曠,旷
鯤,鲲
擴,扩
類,类
離,离
譚,谭
麗,丽
嚦,呖
壢,坜
櫪,枥
櫟,栎
簾,帘
臉,脸
襝,裣
遼,辽
獵,猎
鄰,邻
隣,邻
轔,辚
鯪,鲮
瀏,浏
餾,馏
嚨,咙
壟,垄
壠,垄
鏤,镂
擼,撸
廬,庐
壚,垆
櫓,橹
艪,橹
艣,橹
氌,氇
濼,泺
蟇,蟆
鏝,镘
錨,锚
懣,懑
禰,祢
鏌,镆
難,难
鯢,鲵
攆,撵
膿,脓
鍩,锘
龐,庞
鵬,鹏
騙,骗
譜,谱
胳,髂
遷,迁
簽,签
鏘,锵
蹺,跷
蹻,跷
繰,缲
譙,谯
鯖,鲭
鵲,鹊
擾,扰
薩,萨
顙,颡
騷,骚
鱢,臊
羶,膻
羴,膻
繩,绳
識,识
獸,兽
攄,摅
藷,薯
爍,烁
餿,馊
擻,擞
鏜,镗
韜,韬
鞱,韬
穩,稳
鵡,鹉
騖,骛
霧,雾
璽,玺
壐,玺
繋,系
蕭,萧
擷,撷
瀉,泻
蠏,蟹
選,选
贋,赝
遺,遗
蟻,蚁
螘,蚁
繹,绎
瀅,滢
韻,韵
蕷,蓣
贊,赞
賛,赞
鏨,錾
譖,谮
贈,赠
轍,辙
鄭,郑
騭,骘
鯔,鲻
鯫,鲰
鏃,镞
驁,骜
髈,膀
齙,龅
寳,宝
寶,宝
鰏,鲾
鯿,鳊
辮,辫
繽,缤
瀕,濒
臏,膑
鰒,鳆
覺,觉
鐝,镢
鐦,锎
鐔,镡
闡,阐
櫬,榇
籌,筹
觸,触
鄲,郸
黨,党
鐙,镫
鰈,鲽
竇,窦
鐓,镦
鶚,鹗
鰐,鳄
鱷,鳄
鐨,镄
蠔,蚝
鏵,铧
懷,怀
還,还
鰉,鳇
繼,继
鐧,锏
鐗,锏
艦,舰
齟,龃
闞,阚
嚳,喾
鄶,郐
纊,纩
礦,矿
鑛,矿
巋,岿
饋,馈
餽,馈
瀨,濑
藍,蓝
籃,篮
懶,懒
嬾,懒
鐒,铹
蠑,蝾
獺,獭
撻,挞
瀝,沥
癘,疠
礫,砾
鐐,镣
齡,龄
騮,骝
瀧,泷
櫳,栊
朧,胧
攏,拢
瀘,泸
爐,炉
鑪,炉
櫨,栌
擄,掳
羅,罗
邁,迈
顢,颟
饅,馒
鶥,鹛
聹,聍
穤,糯
稬,糯
飄,飘
飃,飘
鏷,镤
鐠,镨
臍,脐
蠐,蛴
薺,荠
騫,骞
繾,缱
鏹,镪
剠,黥
瓊,琼
鰍,鳅
勸,劝
鰓,鳃
饊,馓
騸,骟
贍,赡
釋,释
鐋,铴
騰,腾
齠,龆
鼉,鼍
騖,鹜
犧,牺
燨,曦
獻,献
瀟,潇
續,续
懸,悬
嚴,严
燿,耀
鄴,邺
議,议
譯,译
癮,瘾
嚶,嘤
罌,罂
甖,罂
瀠,潆
贏,赢
櫞,橼
譫,谵
櫧,槠
騶,驺
鰲,鳌
辯,辩
驃,骠
臕,膘
飆,飙
驂,骖
鶬,鸧
顥,颢
鶴,鹤
轟,轰
輷,轰
鐵,铁
銕,铁
蠆,虿
攙,搀
齜,呲
鷀,鹚
鶿,鹚
驄,骢
靦,腼
纏,缠
懺,忏
襯,衬
鐺,铛
躊,踌
鐸,铎
鶻,鹘
顧,顾
鰥,鳏
護,护
饑,饥
鶏,鸡
雞,鸡
躋,跻
殲,歼
鶼,鹣
繭,茧
蠒,茧
絸,茧
贐,赆
鐫,镌
鎸,镌
臘,腊
臈,腊
蠟,蜡
癩,癞
瀾,澜
斕,斓
覽,览
爛,烂
孏,烂
鐳,镭
纍,累
鰨,鳎
儷,俪
癧,疬
礪,砺
鎌,镰
鐮,镰
鎌,镰
瀲,潋
瓏,珑
礱,砻
髏,髅
騾,骡
驘,骡
獼,猕
囁,嗫
鰭,鳍
譴,谴
鞽,鞒
驅,驱
駈,驱
饒,饶
藪,薮
鰧,藤
鰷,鲦
險,险
嶮,险
嚻,嚣
鰩,鳐
藥,药
鷂,鹞
藝,艺
鐿,镱
齦,龈
鴬,莺
鷪,莺
攖,撄
櫻,樱
躍,跃
蘊,蕴
譽,誉
竈,灶
躑,踯
屬,属
囀,啭
饌,馔
巽,馔
鐲,镯
鋜,镯
齜,龇
呲,龇
郰,鄹
藹,蔼
邊,边
鰾,鳔
鱉,鳖
鑌,镔
聽,听
齪,龊
鰵,鳘
囅,冁
顫,颤
攡,摛
攛,撺
糴,籴
巓,巅
曡,叠
疊,叠
讀,读
灃,沣
驊,骅
歡,欢
懽,欢
驩,欢
貛,獾
鑊,镬
霽,霁
鑒,鉴
鑑,鉴
鍳,鉴
驕,骄
懼,惧
龕,龛
鄺,邝
籟,籁
灕,漓
藶,苈
糲,粝
鰱,鲢
藺,蔺
鷚,鹨
蘢,茏
籠,笼
聾,聋
蘆,芦
臚,胪
艫,舻
孿,孪
巒,峦
鰻,鳗
孼,孽
鷗,鸥
蘋,苹
蘄,蕲
権,权
慴,慑
懾,慑
攝,摄
灄,滠
贖,赎
蘇,苏
甦,苏
穌,苏
儻,傥
彎,弯
襲,袭
響,响
饗,飨
驍,骁
癬,癣
鱈,鳕
儼,俨
隱,隐
瓔,璎
癭,瘿
鱅,鳙
齬,龉
鷓,鹧
鑄,铸
變,变
鑣,镳
黲,黪
讎,雠
讐,雠
鱝,鲼
蠱,蛊
鱖,鳜
鷦,鹪
驚,惊
鷲,鹫
蘭,兰
顬,颥
攤,摊
灘,滩
蠣,蛎
蘞,蔹
孌,娈
孌,恋
戀,恋
鷯,鹩
鱗,鳞
麐,麟
轤,轳
鑥,镥
鷺,鹭
攣,挛
欒,栾
玀,猡
欏,椤
驀,蓦
獿,猱
櫱,蘖
鱔,鳝
鱓,鳝
鑠,铄
鷥,鸶
軆,体
縴,纤
鷳,鹇
鷼,鹇
顯,显
蘚,藓
巖,岩
喦,岩
巗,岩
鼴,鼹
驗,验
騐,验
驛,驿
纓,缨
鷸,鹬
攅,攒
臟,脏
髒,脏
皻,齇
鱒,鳟
靄,霭
壩,坝
蜯,蚌
髕,髌
鬢,鬓
鑮,镈
蠶,蚕
贛,赣
灨,赣
讒,谗
韃,鞑
癲,癫
蠧,蠹
籪,簖
鏆,罐
鑵,罐
靃,霍
羈,羁
羈,羁
撹,搅
讕,谰
蘺,蓠
籬,篱
闥,闼
癱,瘫
鱧,鳢
靈,灵
隴,陇
釀,酿
轡,辔
顰,颦
齲,龋
讓,让
齷,龌
鹽,盐
魘,魇
艷,艳
豓,艳
豔,艳
囈,呓
讛,呓
瓚,瓒
鱣,鳣
驟,骤
靉,叆
灝,灏
廳,厅
鑱,镵
躥,蹿
觀,观
鶻,鹱
鱭,鲚
髖,髋
鑭,镧
攬,揽
擥,揽
欖,榄
顱,颅
臠,脔
蘿,萝
籮,箩
蠻,蛮
躡,蹑
鑲,镶
贜,赃
纘,缵
饞,馋
鑹,镩
驥,骥
邐,逦
酈,郦
驢,驴
邏,逻
鑷,镊
釃,酾
灣,湾
躚,跹
趲,趱
躦,躜
讜,谠
黷,黩
纜,缆
鸕,鸬
鱸,鲈
灤,滦
鑾,銮
鑼,锣
顳,颞
顴,颧
驤,骧
纈,缬
讞,谳
鑽,钻
鑚,钻
籩,笾
轢,轹
躒,跞
灔,滟
鸚,鹦
鸛,鹳
驪,骊
躪,躏
驫,骉
鸝,鹂
鱺,鲡
鸞,鸾
饢,馕
